37.5618593,126.9367733
37.5618592,126.93677339999999
37.5618593,126.9367733
37.5618593,126.9367733
37.5618592,126.93677319999999
37.5618593,126.93677319999999
37.5618593,126.9367733
37.5618593,126.9367733
37.5618592,126.93677339999999
37.5618592,126.9367733
37.5618592,126.9367733
37.5618592,126.9367733
37.5618592,126.93677339999999
37.5618592,126.93677339999999
37.5618597,126.9367736
37.5618626,126.93677489999999
37.5618659,126.936776
37.5618692,126.9367767
37.5618737,126.9367774
37.561878799999995,126.9367796
37.5618842,126.9367827
37.5618906,126.93678399999999
37.561896499999996,126.9367853
37.5619028,126.9367881
37.561909899999996,126.9367893
37.561917,126.9367899
37.5619239,126.9367932
37.561930499999995,126.9367968
37.5619374,126.93679879999999
37.5619446,126.93680029999999
37.5619519,126.9368018
37.5619588,126.93680499999999
37.5619655,126.9368075
37.5619728,126.93680889999999
37.561980999999996,126.93680979999999
37.5619887,126.93681369999999
37.5619966,126.9368164
37.5620046,126.9368185
37.5620121,126.93682229999999
37.56202,126.9368253
37.5620282,126.93682589999999
37.5620325,126.9368355
37.562039899999995,126.93683899999999
37.562048,126.93684169999999
37.562056,126.936843
37.5620639,126.93684499999999
37.562071599999996,126.9368492
37.5620805,126.93685359999999
37.5620895,126.93685599999999
37.562098899999995,126.9368571
37.5621076,126.9368624
37.5621168,126.9368647
37.562129,126.9368607
37.5621377,126.9368655
37.562146999999996,126.93686699999999
37.5621564,126.93686919999999
37.5621647,126.9368741
37.5621729,126.93687899999999
37.562182199999995,126.93687969999999
37.5621911,126.93688159999999
37.562199799999995,126.9368863
37.5622085,126.9368902
37.5622178,126.9368914
37.5622268,126.9368933
37.5622354,126.93689769999999
37.5622447,126.936899
37.5622539,126.93689719999999
37.5622623,126.93689219999999
37.5622696,126.9368841
37.5622749,126.93687419999999
37.5622788,126.93686389999999
37.5622818,126.9368528
37.5622866,126.93684259999999
37.5622925,126.9368337
37.562297099999995,126.9368233
37.5623028,126.9368147
37.56231,126.9368081
37.5623183,126.9368035
37.562326899999995,126.9368016
37.5623365,126.93680099999999
37.5623457,126.9368016
37.5623553,126.93680099999999
37.5623649,126.93679949999999
37.5623745,126.93680049999999
37.5623836,126.93680359999999
37.5623921,126.9368081
37.562401,126.9368119
37.562410199999995,126.9368133
37.5624189,126.9368167
37.562427299999996,126.9368219
37.562436399999996,126.9368246
37.562445499999995,126.9368253
37.562454699999996,126.9368277
37.562463,126.936833
37.5624706,126.9368389
37.5624798,126.9368406
37.562489,126.93684139999999
37.562497799999996,126.9368452
37.5625064,126.936849
37.5625159,126.93684999999999
37.562525199999996,126.9368523
37.5625333,126.9368574
37.562542,126.9368609
37.5625512,126.9368617
37.5625601,126.9368645
37.5625685,126.93686919999999
37.5625776,126.9368715
37.562586599999996,126.93687399999999
37.562595,126.93687849999999
37.5626041,126.9368808
37.5626132,126.93688139999999
37.5626223,126.93688159999999
37.5626313,126.93688039999999
37.56264,126.9368763
37.5626458,126.9368669
37.5626485,126.9368556
37.5626508,126.936844
37.5626543,126.9368331
37.5626592,126.93682319999999
37.562661399999996,126.9368118
37.5626628,126.9368001
37.562666899999996,126.93678949999999
37.562670499999996,126.9367786
37.5626726,126.93676719999999
37.5626743,126.9367556
37.5626763,126.93674399999999
37.562680199999996,126.9367334
37.5626837,126.9367226
37.5626852,126.9367109
37.5626859,126.9366989
37.5626885,126.93668749999999
37.5626922,126.93667699999999
37.562694799999996,126.93666569999999
37.562695999999995,126.9366541
37.5626995,126.9366434
37.562703299999995,126.93663269999999
37.5627047,126.93662099999999
37.562705,126.93660949999999
37.5627065,126.93659799999999
37.5627103,126.9365874
37.562714199999995,126.9365771
37.5627156,126.9365655
37.5627162,126.93655369999999
37.562717899999996,126.93654219999999
37.562721599999996,126.9365315
37.5627241,126.9365205
37.562725799999996,126.93650889999999
37.5627291,126.936498
37.562731299999996,126.93648669999999
37.5627328,126.93647519999999
37.5627365,126.9364645
37.5627401,126.93645389999999
37.5627421,126.93644239999999
37.5627408,126.9364303
37.5627363,126.9364196
37.5627311,126.93640979999999
37.5627253,126.9364009
37.5627184,126.93639329999999
37.5627108,126.936387
37.5627044,126.93637899999999
37.5626975,126.9363719
37.5626896,126.9363666
37.562682599999995,126.93635959999999
37.5626767,126.93635069999999
37.562669899999996,126.93634329999999
37.5626621,126.93633729999999
37.5626558,126.93632939999999
37.5626512,126.93631959999999
37.562645499999995,126.93631049999999
37.5626381,126.9363037
37.5626318,126.9362956
37.5626276,126.93628539999999
37.562624,126.9362747
37.5626179,126.93626569999999
37.5626112,126.9362575
37.5626065,126.93624729999999
37.562604,126.93623579999999
37.5625989,126.9362256
37.562593,126.9362165
37.5625886,126.936206
37.5625856,126.93619469999999
37.5625809,126.93618409999999
37.562576299999996,126.9361734
37.562574,126.9361613
37.5625716,126.93614989999999
37.562565899999996,126.93614029999999
37.5625583,126.93613219999999
37.5625504,126.9361254
37.5625419,126.9361204
37.562532999999995,126.9361167
37.5625241,126.93611279999999
37.562516099999996,126.9361069
37.5625071,126.9361034
37.5624981,126.93610149999999
37.5624889,126.936101
37.5624786,126.93610229999999
37.5624715,126.9361101
37.562467999999996,126.93612139999999
37.5624669,126.9361332
37.5624659,126.93614509999999
37.5624615,126.9361558
37.5624563,126.93616569999999
37.5624545,126.93617739999999
37.5624536,126.9361893
37.5624507,126.9362003
37.5624481,126.9362117
37.5624477,126.9362235
37.5624457,126.936235
37.562441799999995,126.9362455
37.5624392,126.9362568
37.5624385,126.9362687
37.562436999999996,126.9362797
37.5624354,126.936285
37.5624354,126.936285
37.5624362,126.9362833
37.5624362,126.93628109999999
37.5624363,126.93627559999999
37.5624375,126.93626929999999
37.5624402,126.9362639
37.5624441,126.93625949999999
37.562449,126.93625689999999
37.5624537,126.936257
37.5624584,126.9362587
37.5624634,126.93625999999999
37.5624684,126.9362597
37.562473499999996,126.93625949999999
37.562478399999996,126.9362603
37.5624836,126.9362597
37.5624884,126.93625879999999
37.5624931,126.93625979999999
37.562493499999995,126.9362599
37.5624919,126.9362594
37.5624901,126.93625879999999
37.5624878,126.9362573
37.562484999999995,126.9362563
37.5624813,126.9362553
37.5624767,126.9362548
37.5624714,126.93625379999999
37.5624666,126.93625259999999
37.5624618,126.93625399999999
37.5624574,126.9362575
37.5624536,126.9362633
37.5624508,126.93627029999999
37.5624477,126.9362769
37.5624435,126.9362826
37.5624398,126.9362891
37.5624375,126.93629639999999
37.5624353,126.9363037
37.562431499999995,126.9363118
37.5624278,126.93632129999999
37.562426099999996,126.9363319
37.5624244,126.9363425
37.562420599999996,126.9363525
37.5624185,126.9363619
37.562417499999995,126.9363733
37.5624147,126.9363844
37.562410899999996,126.93639519999999
37.5624094,126.9364068
37.562407199999996,126.93641819999999
37.5624033,126.9364291
37.562401799999996,126.9364408
37.562399899999996,126.9364526
37.562397,126.9364638
37.5623947,126.93647539999999
37.5623925,126.9364866
37.5623879,126.93649669999999
37.5623831,126.9365071
37.5623806,126.9365187
37.5623785,126.93653019999999
37.5623739,126.93654009999999
37.5623675,126.93655039999999
37.5623642,126.9365629
37.5623625,126.9365761
37.5623583,126.9365885
37.5623547,126.93660109999999
37.562353699999996,126.93661399999999
37.5623511,126.93662669999999
37.562346,126.9366381
37.5623426,126.9366506
37.5623399,126.9366634
37.562335999999995,126.9366754
37.562332399999995,126.93668779999999
37.562331199999996,126.93670089999999
37.562328,126.9367133
37.562322699999996,126.9367247
37.5623198,126.9367377
37.5623188,126.93675049999999
37.5623171,126.9367635
37.562312,126.936775
37.562306199999995,126.93678589999999
37.5623031,126.9367985
37.5623012,126.93681149999999
37.5622974,126.9368238
37.5622918,126.93683499999999
37.562289199999995,126.936848
37.5622885,126.9368612
37.562286199999996,126.93687419999999
37.5622799,126.93688449999999
37.5622719,126.93689309999999
37.5622623,126.9368981
37.562252,126.9368981
37.5622419,126.9368944
37.5622317,126.9368908
37.5622216,126.9368887
37.5622112,126.93688809999999
37.5622012,126.93688279999999
37.562191399999996,126.9368786
37.5621808,126.9368767
37.5621705,126.9368738
37.5621617,126.93686729999999
37.562151799999995,126.93686299999999
37.5621413,126.93686179999999
37.562131099999995,126.93685909999999
37.5621211,126.93685459999999
37.5621109,126.93685149999999
37.5621005,126.9368509
37.5620903,126.93684839999999
37.5620808,126.9368437
37.562070299999995,126.93684239999999
37.5620603,126.9368404
37.5620512,126.93683419999999
37.562041799999996,126.9368281
37.5620316,126.9368255
37.562021,126.9368234
37.5620109,126.936819
37.562000999999995,126.93681489999999
37.561990099999996,126.9368138
37.56198,126.9368104
37.561970699999996,126.936804
37.5619601,126.93680189999999
37.5619495,126.93680049999999
37.5619398,126.93679639999999
37.5619301,126.9367922
37.561918999999996,126.936792
37.5619088,126.9367893
37.5618986,126.9367856
37.5618878,126.9367836
37.561877599999995,126.93678229999999
37.5618683,126.93677749999999
37.5618591,126.9367728
37.5618538,126.9367729
37.5618537,126.9367731
37.5618537,126.93677319999999
37.5618536,126.9367733
